{
    "sat": {
        "time": 340998.84621559986,
        "pct": 0.5061533758724358
    },
    "nnf": {
        "time": 198803.23007470003,
        "pct": 0.29508875808052704
    },
    "cache": {
        "time": 82257.08532659999,
        "pct": 0.12209631173110083
    },
    "compile": {
        "time": 28602.789950099996,
        "pct": 0.04245585829184834
    },
    "vtree": {
        "time": 23044.587371799997,
        "pct": 0.03420567495541945
    },
    "null": {
        "time": 0.013717900000000002,
        "pct": 2.0361832516261595e-08
    },
    "utility": {
        "time": 0.00047620000000000003,
        "pct": 7.068359329229526e-10
    }
}