{
    "sat": {
        "time": 131303.7292357999,
        "pct": 0.5306592679949956
    },
    "compile": {
        "time": 74669.177399,
        "pct": 0.3017727771401208
    },
    "cache": {
        "time": 29132.925983299967,
        "pct": 0.11773966563499007
    },
    "vtree": {
        "time": 11931.515768599997,
        "pct": 0.048220789010992714
    },
    "nnf": {
        "time": 397.75173359999985,
        "pct": 0.0016074992311670621
    },
    "utility": {
        "time": 0.00024440000000000003,
        "pct": 9.877337517586377e-10
    }
}