{
    "sat": {
        "time": 232924.7732367001,
        "pct": 0.4769459004055601
    },
    "compile": {
        "time": 171046.9837348,
        "pct": 0.35024251192957884
    },
    "cache": {
        "time": 61942.67249940003,
        "pct": 0.12683624544621075
    },
    "vtree": {
        "time": 21528.4200005,
        "pct": 0.04408243708372413
    },
    "nnf": {
        "time": 924.4198075000003,
        "pct": 0.0018928782512660331
    },
    "null": {
        "time": 0.0128847,
        "pct": 2.6383217025655793e-08
    },
    "utility": {
        "time": 0.00024440000000000003,
        "pct": 5.004430247557395e-10
    }
}