{
    "sat": {
        "time": 232924.7732367001,
        "pct": 0.4769459004055602
    },
    "nnf": {
        "time": 149694.22731009993,
        "pct": 0.3065197704727481
    },
    "cache": {
        "time": 61942.67249940003,
        "pct": 0.12683624544621078
    },
    "compile": {
        "time": 22277.176232200007,
        "pct": 0.04561561970809672
    },
    "vtree": {
        "time": 21528.4200005,
        "pct": 0.044082437083724134
    },
    "null": {
        "time": 0.0128847,
        "pct": 2.6383217025655796e-08
    },
    "utility": {
        "time": 0.00024440000000000003,
        "pct": 5.004430247557396e-10
    }
}