{
    "sat": {
        "time": 22972.05323670001,
        "pct": 0.48118844978571995
    },
    "nnf": {
        "time": 13827.707310099997,
        "pct": 0.2896446815649775
    },
    "cache": {
        "time": 7453.432499400002,
        "pct": 0.15612473090733622
    },
    "compile": {
        "time": 2653.2162321999986,
        "pct": 0.05557609468181899
    },
    "vtree": {
        "time": 833.8200004999995,
        "pct": 0.017465768048975663
    },
    "null": {
        "time": 0.0128847,
        "pct": 2.698918009230901e-07
    },
    "utility": {
        "time": 0.00024440000000000003,
        "pct": 5.119370737821077e-09
    }
}