{
    "sat": {
        "time": 22972.05323670001,
        "pct": 0.48118844978571995
    },
    "compile": {
        "time": 16105.503734799993,
        "pct": 0.33735697437726325
    },
    "cache": {
        "time": 7453.432499400002,
        "pct": 0.15612473090733622
    },
    "vtree": {
        "time": 833.8200004999995,
        "pct": 0.017465768048975663
    },
    "nnf": {
        "time": 375.41980750000016,
        "pct": 0.007863801869533232
    },
    "null": {
        "time": 0.0128847,
        "pct": 2.698918009230901e-07
    },
    "utility": {
        "time": 0.00024440000000000003,
        "pct": 5.119370737821077e-09
    }
}