{
    "sat": {
        "time": 29114.646215599987,
        "pct": 0.4692807891265147
    },
    "nnf": {
        "time": 18166.0300747,
        "pct": 0.29280688714614816
    },
    "cache": {
        "time": 9750.9253266,
        "pct": 0.15716907216027687
    },
    "compile": {
        "time": 4001.1099500999985,
        "pct": 0.06449139106347143
    },
    "vtree": {
        "time": 1008.2673717999998,
        "pct": 0.016251631717760517
    },
    "null": {
        "time": 0.013717900000000002,
        "pct": 2.2111025802914617e-07
    },
    "utility": {
        "time": 0.00047620000000000003,
        "pct": 7.67557023111988e-09
    }
}