{
    "sat": {
        "time": 435658.5254000001,
        "pct": 0.6097470146412687
    },
    "cache": {
        "time": 115699.42032999996,
        "pct": 0.16193273407692338
    },
    "nnf": {
        "time": 66641.24133,
        "pct": 0.0932709807885601
    },
    "compile": {
        "time": 58853.95057000004,
        "pct": 0.08237190039367082
    },
    "dtree": {
        "time": 37615.68432999999,
        "pct": 0.052646855017578494
    },
    "hdtree": {
        "time": 21.755680000000005,
        "pct": 3.04492168936923e-05
    },
    "utility": {
        "time": 0.04705999999999999,
        "pct": 6.586510497567344e-08
    }
}