{
    "sat": {
        "time": 33523.0454,
        "pct": 0.4344962227128581
    },
    "cache": {
        "time": 18174.700330000003,
        "pct": 0.23556447655925483
    },
    "nnf": {
        "time": 12454.76132999999,
        "pct": 0.16142765933417158
    },
    "compile": {
        "time": 8225.710570000001,
        "pct": 0.10661442387314343
    },
    "dtree": {
        "time": 4761.364329999992,
        "pct": 0.06171261565468437
    },
    "hdtree": {
        "time": 14.195679999999992,
        "pct": 0.00018399191556863926
    },
    "utility": {
        "time": 0.04705999999999999,
        "pct": 6.09950319157671e-07
    }
}