{
    "sat": {
        "time": 402135.4800000001,
        "pct": 0.6309622792846734
    },
    "cache": {
        "time": 97524.71999999997,
        "pct": 0.1530191258373908
    },
    "nnf": {
        "time": 54186.479999999996,
        "pct": 0.08502016516228153
    },
    "compile": {
        "time": 50628.240000000005,
        "pct": 0.07943718297766582
    },
    "dtree": {
        "time": 32854.32000000003,
        "pct": 0.05154938487782288
    },
    "hdtree": {
        "time": 7.56,
        "pct": 1.186186016561416e-05
    }
}