{
    "sat": {
        "time": 209952.72000000003,
        "pct": 0.47648623652329647
    },
    "nnf": {
        "time": 135866.52,
        "pct": 0.3083481213499743
    },
    "cache": {
        "time": 54489.24,
        "pct": 0.12366295087110404
    },
    "vtree": {
        "time": 20694.600000000002,
        "pct": 0.04696625064135873
    },
    "compile": {
        "time": 19623.96,
        "pct": 0.044536440614266426
    }
}