{
    "sat": {
        "time": 311884.1999999999,
        "pct": 0.5098933475999531
    },
    "nnf": {
        "time": 180637.19999999998,
        "pct": 0.29532020733683295
    },
    "cache": {
        "time": 72506.15999999996,
        "pct": 0.11853889566710275
    },
    "compile": {
        "time": 24601.68,
        "pct": 0.04022080301529484
    },
    "vtree": {
        "time": 22036.320000000003,
        "pct": 0.036026746380816356
    }
}