{
    "sat": {
        "time": 209952.72000000003,
        "pct": 0.47648623652329647
    },
    "compile": {
        "time": 154941.47999999998,
        "pct": 0.35163861028592336
    },
    "cache": {
        "time": 54489.24,
        "pct": 0.12366295087110404
    },
    "vtree": {
        "time": 20694.600000000002,
        "pct": 0.04696625064135873
    },
    "nnf": {
        "time": 549.0000000000001,
        "pct": 0.0012459516783173362
    }
}