{
    "cache": {
        "time": 82243.06543865571,
        "pct": 0.2972833974591447
    },
    "sat": {
        "time": 74822.15436902187,
        "pct": 0.27045908536357427
    },
    "compile": {
        "time": 44608.59531866276,
        "pct": 0.1612463579935953
    },
    "nnf": {
        "time": 39821.95416825696,
        "pct": 0.14394412179871785
    },
    "dtree": {
        "time": 35129.8969023642,
        "pct": 0.126983777268298
    },
    "hdtree": {
        "time": 22.983800387781887,
        "pct": 8.307937245966413e-05
    },
    "utility": {
        "time": 0.05000265078094181,
        "pct": 1.80744210187656e-07
    }
}