{
    "cache": {
        "time": 79635.59760999994,
        "pct": 0.29737914719602626
    },
    "sat": {
        "time": 72807.50554999994,
        "pct": 0.27188135155289067
    },
    "compile": {
        "time": 43064.34959000001,
        "pct": 0.1608130024758881
    },
    "nnf": {
        "time": 38029.216489999984,
        "pct": 0.14201056195639272
    },
    "dtree": {
        "time": 34233.30302,
        "pct": 0.1278356760458642
    },
    "hdtree": {
        "time": 21.45016,
        "pct": 8.010023757537945e-05
    },
    "utility": {
        "time": 0.042989999999999993,
        "pct": 1.6053536259708842e-07
    }
}