{
    "sat": {
        "time": 407406.79968999996,
        "pct": 0.5968878261238539
    },
    "cache": {
        "time": 114467.42238999996,
        "pct": 0.1677051314910714
    },
    "nnf": {
        "time": 64947.081080000025,
        "pct": 0.09515335057841066
    },
    "compile": {
        "time": 58209.90981000001,
        "pct": 0.08528278504873794
    },
    "dtree": {
        "time": 37498.68390999998,
        "pct": 0.054938965030962926
    },
    "hdtree": {
        "time": 21.75435000000001,
        "pct": 3.1872091212316084e-05
    },
    "utility": {
        "time": 0.04705999999999999,
        "pct": 6.894715826727041e-08
    },
    "null": {
        "time": 0.00047000000000000004,
        "pct": 6.885925283811539e-10
    }
}