{
    "sat": {
        "time": 407406.79968999996,
        "pct": 0.5968878265348664
    },
    "cache": {
        "time": 114467.42238999996,
        "pct": 0.16770513160655193
    },
    "nnf": {
        "time": 64947.081080000025,
        "pct": 0.09515335064393256
    },
    "compile": {
        "time": 58209.90981000001,
        "pct": 0.08528278510746304
    },
    "dtree": {
        "time": 37498.68390999998,
        "pct": 0.054938965068793484
    },
    "hdtree": {
        "time": 21.75435000000001,
        "pct": 3.1872091234262965e-05
    },
    "utility": {
        "time": 0.04705999999999999,
        "pct": 6.89471583147469e-08
    }
}